OGRProcessing,ImageIO
VectorDataBase,VectorDataIO
Conversion,ImageIO
Conversion,Projection
ImageIO,Interpolation
ColorMap,ImageIO
ColorMap,Carto
ColorMap,ImageManipulation
MorphologicalPyramid,MorphologicalProfiles
MorphologicalPyramid,ImageIO
MorphologicalPyramid,ITKPendingPatches
PanSharpening,ImageIO
ImageNoise,ImageBase
ImageNoise,ImageIO
Transform,ImageBase
Transform,ImageIO
Smoothing,ImageIO
PointSet,ImageBase
PointSet,ImageIO
Labelling,ImageBase
Labelling,ImageIO
Labelling,ITKPendingPatches
SeamCarving,ImageIO
Textures,ImageBase
Textures,ImageIO
Textures,ImageManipulation
Descriptors,ImageIO
Descriptors,Projection
Descriptors,Density
SOM,ImageIO
SOM,ImageManipulation
DisplacementField,ImageIO
Metrics,LabelMap
Metrics,ImageBase
Metrics,ImageIO
IOKML,BoostAdapters
IOKML,GdalAdapters
IOKML,Boost
SVMLearning,ImageIO
CCOBIA,ImageIO
OpticalCalibration,ImageIO
OSSIMAdapters,ImageBase
OSSIMAdapters,ImageIO
Unmixing,ImageIO
Unmixing,EndmembersExtraction
Stereo,ImageIO
ChangeDetection,ImageIO
Simulation,VectorDataIO
Simulation,Conversion
Simulation,ImageIO
MeanShift,ImageIO
LearningBase,VectorDataBase
LearningBase,MajorityVoting
LearningBase,Statistics
LearningBase,ImageIO
LearningBase,Projection
LearningBase,ImageBase
LearningBase,VectorDataIO
Edge,ImageIO
Indices,ImageIO
MathParser,ImageIO
Markov,ImageBase
Markov,ImageIO
DempsterShafer,ImageIO
DisparityMap,MathParser
DisparityMap,ImageIO
DisparityMap,DisplacementField
Projection,VectorDataIO
Projection,ImageIO
Moments,Indices
Moments,EdisonMeanShift
Moments,ImageIO
ImageBase,ImageIO
Watersheds,ImageBase
Watersheds,ImageIO
KMZWriter,Carto
DimensionalityReduction,ImageIO
VectorDataManipulation,VectorDataIO
VectorDataManipulation,ImageIO
VectorDataManipulation,Metadata
RoadExtraction,ImageIO
ImageManipulation,ImageIO
CloudDetection,ImageIO
Corner,VectorDataIO
Corner,Edge
Corner,ImageIO
ObjectList,ImageBase
ObjectList,ImageIO
